F1Score,NLP工具,准确率,召回率
0.8070448315727102,seg_jieba,0.8080979550644181,0.8059944493962357
