F1分数,NLP工具,准确率,召回率
0.8070448315727102,seg_jieba,0.8080979550644181,0.8059944493962357
0.8688588406073726,seg_pkuseg,0.8614120364510559,0.8764355209929442
0.8495711226564117,seg_thulac,0.8280523543042628,0.8722381566219429
0.8171403659202203,seg_hannlp,0.8240069206974793,0.8103873051366941
0.8248814525945813,seg_snownlp,0.8024257764700481,0.8486301459514075
0.6342525789719888,seg_stanfordnlp,0.5968397566935166,0.676669519517681
