F1分数,NLP工具,准确率,召回率
0.8321403538142367,stanfordcorenlp,0.8169655497876357,0.8478895587764014
